,en_de,en_de,en_de,en_de,en_de,en_de,en_de,en_de,en_de,en_de,en_de,en_de,en_de,en_de,en_zh,en_zh,en_zh,en_zh,en_zh,en_zh,en_zh,en_zh,en_zh,en_zh,en_zh,en_zh,en_zh,en_zh,en_es,en_es,en_es,en_es,en_es,en_es,en_es,en_es,en_es,en_es,en_es,en_es,en_es,en_es,en_fr,en_fr,en_fr,en_fr,en_fr,en_fr,en_fr,en_fr,en_fr,en_fr,en_fr,en_fr,en_fr,en_fr,en_it,en_it,en_it,en_it,en_it,en_it,en_it,en_it,en_it,en_it,en_it,en_it,en_it,en_it,en_pt,en_pt,en_pt,en_pt,en_pt,en_pt,en_pt,en_pt,en_pt,en_pt,en_pt,en_pt,en_pt,en_pt,en_nl,en_nl,en_nl,en_nl,en_nl,en_nl,en_nl,en_nl,en_nl,en_nl,en_nl,en_nl,en_nl,en_nl
accent,AUSTRALIAN ENGLISH,CANADIAN ENGLISH,ENGLAND ENGLISH,FILIPINO,GERMAN ENGLISH NON NATIVE SPEAKER,HONG KONG ENGLISH,INDIA AND SOUTH ASIA INDIA PAKISTAN SRI LANKA,IRISH ENGLISH,MALAYSIAN ENGLISH,NEW ZEALAND ENGLISH,SCOTTISH ENGLISH,SINGAPOREAN ENGLISH,SOUTHERN AFRICAN SOUTH AFRICA ZIMBABWE NAMIBIA,UNITED STATES ENGLISH,AUSTRALIAN ENGLISH,CANADIAN ENGLISH,ENGLAND ENGLISH,FILIPINO,GERMAN ENGLISH NON NATIVE SPEAKER,HONG KONG ENGLISH,INDIA AND SOUTH ASIA INDIA PAKISTAN SRI LANKA,IRISH ENGLISH,MALAYSIAN ENGLISH,NEW ZEALAND ENGLISH,SCOTTISH ENGLISH,SINGAPOREAN ENGLISH,SOUTHERN AFRICAN SOUTH AFRICA ZIMBABWE NAMIBIA,UNITED STATES ENGLISH,AUSTRALIAN ENGLISH,CANADIAN ENGLISH,ENGLAND ENGLISH,FILIPINO,GERMAN ENGLISH NON NATIVE SPEAKER,HONG KONG ENGLISH,INDIA AND SOUTH ASIA INDIA PAKISTAN SRI LANKA,IRISH ENGLISH,MALAYSIAN ENGLISH,NEW ZEALAND ENGLISH,SCOTTISH ENGLISH,SINGAPOREAN ENGLISH,SOUTHERN AFRICAN SOUTH AFRICA ZIMBABWE NAMIBIA,UNITED STATES ENGLISH,AUSTRALIAN ENGLISH,CANADIAN ENGLISH,ENGLAND ENGLISH,FILIPINO,GERMAN ENGLISH NON NATIVE SPEAKER,HONG KONG ENGLISH,INDIA AND SOUTH ASIA INDIA PAKISTAN SRI LANKA,IRISH ENGLISH,MALAYSIAN ENGLISH,NEW ZEALAND ENGLISH,SCOTTISH ENGLISH,SINGAPOREAN ENGLISH,SOUTHERN AFRICAN SOUTH AFRICA ZIMBABWE NAMIBIA,UNITED STATES ENGLISH,AUSTRALIAN ENGLISH,CANADIAN ENGLISH,ENGLAND ENGLISH,FILIPINO,GERMAN ENGLISH NON NATIVE SPEAKER,HONG KONG ENGLISH,INDIA AND SOUTH ASIA INDIA PAKISTAN SRI LANKA,IRISH ENGLISH,MALAYSIAN ENGLISH,NEW ZEALAND ENGLISH,SCOTTISH ENGLISH,SINGAPOREAN ENGLISH,SOUTHERN AFRICAN SOUTH AFRICA ZIMBABWE NAMIBIA,UNITED STATES ENGLISH,AUSTRALIAN ENGLISH,CANADIAN ENGLISH,ENGLAND ENGLISH,FILIPINO,GERMAN ENGLISH NON NATIVE SPEAKER,HONG KONG ENGLISH,INDIA AND SOUTH ASIA INDIA PAKISTAN SRI LANKA,IRISH ENGLISH,MALAYSIAN ENGLISH,NEW ZEALAND ENGLISH,SCOTTISH ENGLISH,SINGAPOREAN ENGLISH,SOUTHERN AFRICAN SOUTH AFRICA ZIMBABWE NAMIBIA,UNITED STATES ENGLISH,AUSTRALIAN ENGLISH,CANADIAN ENGLISH,ENGLAND ENGLISH,FILIPINO,GERMAN ENGLISH NON NATIVE SPEAKER,HONG KONG ENGLISH,INDIA AND SOUTH ASIA INDIA PAKISTAN SRI LANKA,IRISH ENGLISH,MALAYSIAN ENGLISH,NEW ZEALAND ENGLISH,SCOTTISH ENGLISH,SINGAPOREAN ENGLISH,SOUTHERN AFRICAN SOUTH AFRICA ZIMBABWE NAMIBIA,UNITED STATES ENGLISH
system,,,,,,,,,,,,,,,,,,,,,,,,,,,,,,,,,,,,,,,,,,,,,,,,,,,,,,,,,,,,,,,,,,,,,,,,,,,,,,,,,,,,,,,,,,,,,,,,,,
whisper,,,,,,,,,,,,,,,,,,,,,,,,,,,,,,,,,,,,,,,,,,,,,,,,,,,,,,,,,,,,,,,,,,,,,,,,,,,,,,,,,,,,,,,,,,,,,,,,,,
seamlessm4t,0.9621254271268844,0.9617535193264484,0.929086065068841,0.964301644563675,0.9492463040351868,0.9430692499876022,0.9379825899004935,0.8943606984615325,0.9627356338500976,0.968215012550354,0.9747247445583344,0.9578576335310937,0.9737775593996048,0.9181283243000508,0.8681591081619263,0.8498256246745587,0.8199779346585274,0.8461449314653874,0.8696748954057694,0.873056175261736,0.8220357955992221,0.8686169219017029,0.8670865345001221,0.8611150170862675,0.8725759209692479,0.8657881957292557,0.8634147104620934,0.8436611216515303,0.9227482825517654,0.9103144985437394,0.881679015904665,0.9018547374010086,0.9124608236551284,0.9008643621206284,0.8841965128481388,0.8623555412888527,0.9499247241020202,0.9049619016051292,0.931777614057064,0.9385590806603432,0.9159637743234634,0.8918772792816162,0.936288764476776,0.9163103279471396,0.851354528516531,0.9271109211444856,0.9237127178907394,0.9312854197621344,0.8233566503226757,0.8899326699972153,0.933477318584919,0.917995139360428,0.9435196042060852,0.9230346044898032,0.9413017332553864,0.8702570964396,0.8976095366477966,0.9002541540563107,0.7974505218863487,0.9064983856678008,0.9029119569063186,0.9004252225160598,0.8383296234905719,0.8521574991941452,0.8804830726981163,0.9090932577848434,0.8617338144779205,0.9378244583308696,0.9416950404644012,0.8632446166872978,0.9063467383384703,0.9226228922605516,0.8187818636000156,0.8834915840625763,0.8903655964136123,0.8962645202875137,0.8482639500498772,0.8412259501218796,0.9192874562740326,0.8888870394229889,0.915631932616234,0.9300210681557656,0.9275113224983216,0.8440169753879309,0.9238135838508604,0.931310093551874,0.8873626497387886,0.9112509196996688,0.951850848197937,0.8808664891123772,0.8770042202621698,0.8314000970125198,0.9344665586948396,0.9348122584819794,0.9248096346855164,0.9313678248226642,0.9442232844233512,0.8392827373743057
canary-v2,0.9295773160457612,0.9350247356295586,0.8875832413136959,0.9227574852108956,0.9284543007612228,0.9036715883016586,0.9194728112220764,0.8775560487806797,0.9211329174041748,0.9336830899119376,0.9399238473176956,0.9204996287822724,0.9525246131420136,0.8894974298775196,0.0,0.0,0.0,0.0,0.0,0.0,0.0,0.0,0.0,0.0,0.0,0.0,0.0,0.0,0.8989815336465835,0.8718816132843494,0.8351707358658313,0.8867425681650638,0.8586413699388504,0.8232464264333248,0.8380518160760403,0.8342007929086686,0.7959877832233906,0.8791071963310242,0.9063082975149156,0.8861853477358818,0.8678086486458778,0.8285102309286594,0.908143499493599,0.8792349834740162,0.8577187208831311,0.8576794779300689,0.8503765323758126,0.8220386250317097,0.7951224479079246,0.817996267080307,0.8248246886581182,0.8745394904911518,0.8934227913618088,0.8600596408545971,0.904743999540806,0.8195578117668628,0.854473180770874,0.862819052785635,0.7944659411907196,0.8607639826834201,0.8713630700111389,0.8513226146996021,0.8285405719280243,0.8231090639531612,0.7994302627444267,0.8740875205397606,0.8583214029669761,0.8600086808204651,0.8961419576406479,0.8160762634128332,0.8750558483600617,0.869645314514637,0.8192880390584469,0.8580415195226669,0.822648842819035,0.8357913506031036,0.8490621300041675,0.8136960167437792,0.8230773285031319,0.8735018742084503,0.8915160593390464,0.836853415518999,0.8969324532151223,0.8433662094175816,0.8769303613901138,0.8682970957458019,0.8595242643356323,0.8712308916449547,0.9310196089744568,0.8572046455740928,0.8469951669871807,0.8333709754049778,0.8496776401996613,0.9004187288880349,0.9151370525360109,0.8686561314761638,0.8988950449228287,0.8462472859025002
owsm4.0-ctc,0.8279621855914593,0.8410619258135558,0.8062307763099671,0.8540048399567604,0.8552918004989624,0.8069096681475639,0.7958240829408169,0.7664845442771911,0.8004274877905846,0.8427529994398355,0.829977048188448,0.8006088453531265,0.838228971734643,0.8011484523117542,0.719994134157896,0.7061783316731453,0.7177438765764237,0.7066018888354302,0.734441013932228,0.7043700227141381,0.6792845955491066,0.6690710785984993,0.6828543297946453,0.7355954147875309,0.7273237520456314,0.70086998462677,0.6830869910120964,0.6875535705685616,0.3834783208370209,0.4195209491252899,0.4031803019344807,0.4034445594251156,0.3263291919231414,0.4270291195809841,0.3306947022676468,0.3281461866945028,0.3864285940676927,0.3851522268354893,0.3947058163583278,0.3141953338682651,0.4012657755613327,0.3328589190542698,0.4484957619011402,0.4823435591161251,0.4768614367395639,0.4986838285624981,0.5043829177320004,0.5017798767238856,0.4533203218877315,0.418892019316554,0.4170676763355732,0.5064530025422573,0.5285945378988981,0.4507334288209677,0.5322080293297767,0.4548642788827419,0.5053812506794929,0.5278633327782154,0.4876292906701565,0.4840083119273186,0.5327849242091179,0.5257270246744156,0.45342828348279,0.4097389617562294,0.4080976495146751,0.5388684399425984,0.5361406131088734,0.486535452902317,0.5152029322087764,0.4695582537353038,0.2652169404923916,0.3281012994796037,0.3392315394431353,0.3304805585741996,0.1378981500864028,0.3047000075131654,0.2725580093264579,0.306355153247714,0.2899380730092525,0.3522261124849319,0.3857715658843517,0.2932042612880468,0.3367622987926006,0.2964482735097408,0.5514833743870259,0.6308445873856544,0.6191253943741322,0.5550834766030311,0.6304457291960717,0.555846909955144,0.5697599910199642,0.4990729902684688,0.5288525068759918,0.6280657421052456,0.6340739750862121,0.5567286030948162,0.5725697629898786,0.5411127026379109
aya_whisper,0.9351049776375294,0.9313347528874876,0.913368025124073,0.9378313864767552,0.9658634465932846,0.9170536506175996,0.8795177083462477,0.8958660258352756,0.882356329858303,0.9376321977376938,0.963318230509758,0.9321154735982418,0.9493181437253952,0.8774131748825311,0.8926728412508964,0.8445480416715145,0.8686452686786652,0.8545642718672752,0.903491616398096,0.8460917654633522,0.8197479525208473,0.8646221698820591,0.8023403515666723,0.8734436140954495,0.8994479432702065,0.8521031029522419,0.8753618760406972,0.8263032865524292,0.8952864848077298,0.8708380807936191,0.8386390809714794,0.8423902848362923,0.8845135349035264,0.8087579345703125,0.820260361135006,0.8399095100909472,0.8149645221233368,0.8655742424726486,0.9082343584299089,0.8853258274495601,0.8657626514136791,0.831014718785882,0.865614904165268,0.8611478038132191,0.8503896594047546,0.8335497382283211,0.8771986821293831,0.8380963799357414,0.7866472832858562,0.8361435396969319,0.797649719454348,0.8459002036601305,0.9170031070709228,0.8336578348278999,0.8638988392055035,0.8314053875207901,0.8653207990527153,0.8586595772951842,0.80856091350317,0.8684591788053513,0.8650918351113797,0.8308360648155212,0.8035874715447426,0.8172342775762081,0.7909798435866833,0.8596312442421913,0.8783191254734993,0.8649063133448363,0.8836777590215206,0.8360901284962893,0.8713973903656006,0.8736323271691799,0.8284859991073609,0.8432229754328727,0.8578945931792259,0.8277842484414577,0.8158934344351292,0.8217703491449356,0.8203999589383603,0.8860841351747513,0.8934940400719643,0.8826778362691402,0.8927343383431434,0.8469268007576466,0.9208586391806602,0.870830794647336,0.858644044175744,0.9038258177042008,0.9341380098462104,0.8453593361377716,0.840905352383852,0.8323701800405979,0.8592020918428898,0.9137118235230446,0.9163535511493685,0.8950851027667522,0.896476773917675,0.8413761401921511
gemma_whisper,0.9075352327525616,0.9156711241602896,0.8877720420062541,0.9417976358532906,0.9601083654165268,0.8917385976016522,0.8710323296487331,0.85806705519557,0.8708363644033671,0.9429339337348938,0.9608418291807176,0.9317522136867048,0.9399117797613143,0.8829137152433395,0.8910976491868496,0.8373889560997486,0.8663158178329468,0.8564894923567772,0.8729249779880047,0.8709100414812565,0.80378223977983,0.8542772468924522,0.7941916003823281,0.8682479882240295,0.8882808046042919,0.8497355318069458,0.8515478998422623,0.8408000355958939,0.8798641021549701,0.8775119684636593,0.8269729360938072,0.8404867227375508,0.888094288110733,0.7935888820886612,0.8019779051095247,0.8204025749117136,0.7640660632401705,0.862835878431797,0.9180587381124496,0.8886479888111353,0.8472293742001057,0.8445413815975189,0.8692038318514824,0.8341851459443569,0.8389299584180117,0.8531394885480403,0.856853240430355,0.8179787656664849,0.7552380471676589,0.81415368065238,0.7708139402419328,0.8388303242623806,0.8892359322309494,0.848673379868269,0.8517452432215213,0.8344715644419193,0.8659174889326096,0.8372948540747166,0.81281613945961,0.848469176441431,0.8421000224351883,0.839152860045433,0.7850924375653267,0.7919250473380088,0.7707273531705141,0.866549050360918,0.8600216564536095,0.8654213470965624,0.8528133887052536,0.8326881158351899,0.8937628808617591,0.8631719368696212,0.8176442562043666,0.846061575859785,0.8778683160245419,0.8109245611727238,0.7928639771789312,0.7975974182039499,0.7952423133701086,0.864780758023262,0.8813299039006233,0.8631382814049721,0.8536450770497322,0.8250938925147057,0.867219558507204,0.8585888698697091,0.8448627461493016,0.8851474480330944,0.9329117234051229,0.8339555172622204,0.8356101095676423,0.8212856021523476,0.8434180761873722,0.8758506761491298,0.9144291391968729,0.8987532253563404,0.8946879403293133,0.8169988404214382
tower_whisper,0.9158903580904006,0.925867790132761,0.9048165585845708,0.9128259259462356,0.9258271104097366,0.8844221687316894,0.8700551012903452,0.8839592836052179,0.8985658726096153,0.9205801708996296,0.9516217064857484,0.9322783303260804,0.9454649046063424,0.8838205871731043,0.8659239383041859,0.8494412510097027,0.8616363133490086,0.8644274792075157,0.8956801024079323,0.8754463075101375,0.8271168182790279,0.8658666417002678,0.8022433690726757,0.8949616122245788,0.9118056805431842,0.8722812663018703,0.8438879512250423,0.8302341122925282,0.8944874748587608,0.8622382560372353,0.8123806546628475,0.8537591105699539,0.8738324892520904,0.8261364050209522,0.8092608250677585,0.8237144614756108,0.805367394387722,0.8702533107995987,0.9128915214538574,0.8707712814211845,0.8590554931759834,0.830134101510048,0.8690749002993107,0.8602100943773985,0.8502165558189154,0.8663748386502266,0.8785177999734879,0.8102450251579285,0.7968886838108301,0.81936109803617,0.807742565497756,0.8394007843732834,0.8839207220077515,0.8422972790896892,0.8503660117089749,0.8362983377277851,0.8628915449976922,0.8434842716157437,0.7957827520370483,0.854961386024952,0.8818927189707756,0.8164966663718224,0.8006049324572087,0.8441796718537807,0.7821989187598228,0.865674979686737,0.8427369651198388,0.85627386264503,0.8789814366400241,0.8536135818064213,0.8579219016432762,0.8785683995485306,0.8355006246268749,0.8432673475146294,0.8611561429500579,0.8046079054474831,0.8044821874797344,0.8047545194625855,0.7906708604097367,0.8737418961524963,0.8794482845067978,0.8537115283310414,0.8861948263645172,0.829070141762495,0.8873518817126751,0.8880969148874283,0.8157247258722782,0.9032908596098423,0.935551998615265,0.8296146246790886,0.8401543140411377,0.8332584688067436,0.8373495310544967,0.8871077328920365,0.9178524532914162,0.8883337996900081,0.9018778267502784,0.8246028935909271
aya_seamlessm4t,0.9707944136857988,0.9629032772779464,0.9436551821231842,0.9634598165750504,0.980698875784874,0.9534007960557938,0.9439268267154692,0.9213244473934172,0.9605502140522004,0.9829845720529556,0.9773902904987336,0.9564422102272512,0.9861801600456238,0.9241971948742866,0.9127008444070815,0.8854145005345344,0.8816009433567524,0.911784645318985,0.925002308487892,0.9292273499071598,0.8772713109850884,0.8888787068426609,0.9028949308395384,0.8998775278031826,0.9252512207627296,0.9026014882326128,0.9275239971280098,0.8594935372471809,0.9205873399972916,0.9296950963139534,0.8769362351298332,0.8977878332138062,0.9290601581335068,0.8937700895965099,0.8850796312093735,0.8976043374836444,0.9264808070659636,0.907746239900589,0.934690877199173,0.9427160814404488,0.9277164869010448,0.8782782302796841,0.9208226197957992,0.9269089978933336,0.8623958145081997,0.9283009985089302,0.928989518880844,0.9344940802454949,0.8677265562862158,0.8850948832929134,0.9511741517484188,0.902580996453762,0.9508860585093498,0.9225346373021602,0.9674194449186324,0.864331253990531,0.8988858246803284,0.9130199985206128,0.8413293249905109,0.9115278416872024,0.8985272991657257,0.91526195704937,0.8751034423708915,0.8781497585773468,0.924728541970253,0.894749962091446,0.8907463383674622,0.9329154793173076,0.9559743195772172,0.8768544092774391,0.9049874985218048,0.917024388834834,0.859114148914814,0.9081900590658188,0.8930496269464493,0.910164833664894,0.8699310959875584,0.8639461195468903,0.9394212156534196,0.913142819404602,0.9078598481416702,0.9223589274287224,0.9529382556676864,0.8950490175187588,0.9571639275550844,0.926571863591671,0.8849119699001312,0.9421697413921356,0.9678136187791824,0.9098507010936736,0.8946993671357631,0.887758070230484,0.939539903998375,0.9444491291046142,0.939428967833519,0.9444787633419036,0.9566394060850144,0.8871487383544445
gemma_seamlessm4t,0.9487060725688934,0.9562333597242832,0.9318726405501364,0.9549321573972702,0.9596868366003036,0.9419302421808244,0.93632329672575,0.905341020822525,0.9638977426290511,0.9708340245485306,0.9648559510707856,0.9540893737971784,0.9752267903089524,0.9387439674139024,0.9027671222388745,0.8867305782437325,0.8854594361782074,0.9136466410756112,0.8999759456515313,0.915052028298378,0.8764455385506154,0.8943939793109894,0.9109964364767076,0.8983233511447907,0.9158424264192582,0.8997656884789467,0.9250304421782494,0.8696483224630356,0.938424145579338,0.9306283095479012,0.8635746335983276,0.8919773262739181,0.9320907539129256,0.8829817366600037,0.8594327268749475,0.8761416837573052,0.909544345587492,0.8954679727554321,0.9440140393376352,0.9471713568270208,0.9216533870995044,0.878721278309822,0.9259814310073852,0.9133195382356644,0.8655895940959454,0.9277582043409348,0.9232383635640145,0.9338866195082663,0.8505207564681768,0.8730344812572003,0.9373909109830856,0.9050302116572856,0.935476433634758,0.938922938257456,0.9362511199712752,0.8654050330072641,0.9114011093974114,0.895728120431304,0.8319314183294773,0.9057582798600196,0.8848255857825279,0.9081275767087936,0.8295730391889811,0.867626356780529,0.9065044716000557,0.9030056722462176,0.8935020756721497,0.92530750118196,0.9447557938098908,0.872826392352581,0.9273018366098404,0.9319784219563008,0.8553254216909408,0.904667044878006,0.9171799409389496,0.9035356158018112,0.8684054435789585,0.8518744081258773,0.8937958535552025,0.9018467766046524,0.9106239238381386,0.9385937273502348,0.9341881376504898,0.856228841394186,0.9263569688796998,0.9133833330869676,0.9229127079248428,0.9386694556474686,0.9651885321736337,0.9027883672714232,0.9121051993966104,0.8713591223955155,0.9296749806404114,0.923037067949772,0.939093735218048,0.9416641071438788,0.937307204902172,0.8647933712601662
tower_seamlessm4t,0.948384417295456,0.9594912466406822,0.949758118391037,0.946546424627304,0.9533236747980118,0.9526363652944564,0.9378955101966858,0.9082771593332292,0.9732670652866364,0.9685892589390278,0.9683811020851136,0.95303068369627,0.9872124141454696,0.9263746521621944,0.9150035446882248,0.9009949140250684,0.8912644475698471,0.9195753790438176,0.9158483023941516,0.936054314672947,0.8957281917333603,0.9030630671977996,0.9117223227024078,0.9051924711465836,0.934264953136444,0.900892471075058,0.921035504937172,0.8733952060341835,0.9367744344472884,0.9150029507279396,0.8547126442193985,0.9064503997564316,0.9326065576076508,0.8843477100133896,0.8716055172681808,0.8927246317267418,0.9159011283516884,0.9145715391635896,0.9408828663825988,0.9407421420514585,0.9005792254209518,0.8690337333083152,0.9362099611759186,0.9261082813143732,0.8550835245847702,0.9412953472137452,0.9381935179233551,0.92775505900383,0.8747807151079178,0.8912091855704785,0.9581798100471496,0.9126082238554954,0.9274874794483184,0.9173753981292248,0.9554606741666792,0.8657631613314152,0.8940955194830894,0.8997713617980481,0.829284702539444,0.8985660523176193,0.9139365249872208,0.91354722738266,0.861120052933693,0.908204334974289,0.912312839627266,0.9052964663505554,0.8715619212388992,0.902797115072608,0.9578040891885756,0.8839464943110943,0.9051348811388016,0.9382198898494244,0.8771847678720951,0.8692649573087692,0.9081243991851806,0.9041405791044236,0.8706701961159706,0.8448420906066895,0.9319327956438064,0.9213542068004608,0.9094575941562651,0.9193741488456726,0.9374951201677324,0.8698949232697487,0.941597940325737,0.9304025003314018,0.8659255990386009,0.9307468873262406,0.9631791245937348,0.88739532366395,0.9067197459936142,0.8637020927667618,0.936535112261772,0.9185714358091356,0.9357571178674696,0.9319562131166458,0.9647085881233216,0.8761374032497407
aya_canary-v2,0.9601787763834,0.9550959945470094,0.9341150769591332,0.9298559334874154,0.971808340549469,0.9321928119659424,0.9372664561867714,0.9119774363934994,0.940585767030716,0.966449021100998,0.9619344627857208,0.9512359988689424,0.970347323268652,0.902333495989442,0.8993676045536995,0.885244228541851,0.8892253872752189,0.8686637452244759,0.9076509138941764,0.8890288281440735,0.8664318840205669,0.8884406577050686,0.8600004680454731,0.8674571873247623,0.9073125931620598,0.8799836966395378,0.90265731215477,0.8191547547280789,0.8997661751508713,0.9105385212600232,0.8560018387436866,0.8342358666658402,0.8940259811282157,0.8162173892557621,0.8640761020779609,0.8753899140655994,0.8476253178715706,0.895648530125618,0.9169430574774742,0.8971227906644345,0.8994404627382755,0.8546540929377079,0.898652238547802,0.899360935986042,0.8666663760691882,0.8409641174972058,0.890861993432045,0.8501127058267594,0.8526439520716668,0.8707142122089863,0.8319033966958522,0.8670081305503845,0.9034587080776691,0.8758289983868599,0.9205921530723572,0.8547969742119312,0.8848380464315414,0.8971461645513773,0.8344830259680748,0.8628412584960461,0.8855415242910385,0.8548378597199917,0.8641101405024528,0.8507234267890453,0.8127208462357521,0.8732117965817452,0.8600828033685685,0.8817676457762719,0.918942959457636,0.8501305355876684,0.8980505496263504,0.8925061529874802,0.8300221329927444,0.850360038280487,0.8563965457677841,0.8349639086425305,0.8724129670858383,0.8464336358010769,0.8607024046778678,0.9101534432172776,0.9049536597728728,0.8856418928503991,0.9251330626010896,0.8710091143846512,0.94157810151577,0.8915598264336586,0.8762010821700096,0.8957814247906208,0.9532056695222856,0.8587218788266182,0.8988456679880619,0.8687480379641056,0.8872093033790588,0.933962442278862,0.9128265166282654,0.917808829843998,0.9257424849271776,0.866289996970445
gemma_canary-v2,0.9320178264379502,0.9472009873390198,0.9451523752510548,0.9481164546310902,0.967229533791542,0.9162005239725112,0.9114783310890198,0.8778137738257646,0.909071305692196,0.9612596195936204,0.961328856945038,0.9356457391381264,0.9674699032306672,0.8989119824767112,0.9131946361064912,0.8727453681826591,0.8894101999700069,0.8855091500282287,0.8849927645921707,0.8891208609938621,0.8708686523139477,0.8938871853053569,0.8468277479708195,0.8769295823574066,0.8842368771135807,0.8653389371931552,0.8819830167293549,0.8550987942516803,0.8987445229291916,0.8957194658368826,0.8358364062011242,0.853899274468422,0.9087718218564989,0.8055982089042664,0.8502356641739607,0.855474856942892,0.8157314318418503,0.8922685980796814,0.9258161747455596,0.900911045372486,0.8873343297839165,0.8450831067562103,0.893367103934288,0.8976519338786602,0.8658341428637505,0.8512627609074116,0.896638081073761,0.843644135594368,0.8275723126530647,0.8367958994209767,0.8063296841084957,0.8655341990292073,0.8993195825815201,0.877674700692296,0.9161175493896008,0.8367032864689827,0.8967123413085938,0.887329131513834,0.8203441619873046,0.8353659723699093,0.8811896967887879,0.8427101728320122,0.8296374995261431,0.8252089124917984,0.8031350071728229,0.8809074112772941,0.8560525053739547,0.8802692811191082,0.9028052581846714,0.8463176544010639,0.9192793542146682,0.899387221634388,0.8471293821930885,0.8404588575661183,0.9016009360551834,0.8047932830452919,0.8640556219220161,0.8398994126915932,0.8271891951560975,0.8925417028367519,0.8852022874355316,0.8978941679000855,0.8941324663162231,0.8515814551711083,0.8987930428981781,0.8913641598820686,0.871507019996643,0.87363067060709,0.9564620888233184,0.8583258393406868,0.8921142753958702,0.8389448407292366,0.870946880877018,0.924087591469288,0.8951840648055076,0.9246919183433056,0.922101803123951,0.8526519492268563
tower_canary-v2,0.9303506028652192,0.9562444539368152,0.935732597708702,0.9193590278178454,0.9415777200460432,0.9240756303071976,0.9183851146697998,0.8810347858071327,0.9343963247537612,0.9551012320816517,0.9533961737155914,0.94652723133564,0.9705158510804176,0.9041376855969429,0.8778547096252441,0.8994941195845604,0.8907231776416302,0.8895070089399815,0.9087932504713536,0.9086606565117836,0.8755095759034157,0.8951964607834816,0.8627698889374733,0.9018027171492576,0.9139760741591454,0.8746329103410244,0.8975909253954888,0.8518943229317665,0.9018954372406006,0.8900508201122284,0.8212857985496521,0.8410728153586388,0.8969762670993805,0.8281807592511177,0.8582066725194454,0.8600461064279079,0.8492541080713272,0.895066297352314,0.9288540956377984,0.9094180816411972,0.8923249572515488,0.8539568094909191,0.9015691030025482,0.9082097920775414,0.8686814904212952,0.8701628556847573,0.8997262716293335,0.8410787379741669,0.8586022414267063,0.8564489540457726,0.840019004791975,0.8780580753087998,0.8831614935398102,0.8704992540180683,0.9242955020070076,0.8417453271150589,0.8842756947875023,0.884675229638815,0.8075439341366291,0.8452167735993862,0.8989898344874382,0.8442729200422764,0.8525973372161388,0.8733776740729808,0.8360766596347093,0.8927541103959084,0.8405445802211762,0.8585271036624909,0.9226073098182678,0.8591282476484775,0.8835312926769257,0.9136991077661514,0.8553119841217994,0.8212458217144012,0.882842298746109,0.825492043197155,0.8654696850478649,0.8311463121324778,0.8410049912333488,0.9110796225070952,0.8979156011343002,0.869931610673666,0.9128798192739488,0.854415355026722,0.9197861981391908,0.9173318475484848,0.8522164657711983,0.8870627871155738,0.945725674033165,0.8606446269154548,0.8976392467319966,0.8460907693207264,0.8824461261928082,0.9124480736255646,0.912507454752922,0.8916476960480213,0.940464498102665,0.8707386074215173
aya_owsm4.0-ctc,0.934774211794138,0.9355827824771404,0.9094316059350968,0.9278614589571952,0.9436253744363784,0.9106904536485672,0.910762633383274,0.8654370625317097,0.9191683952510356,0.9528008979558944,0.9395686256885528,0.9199031087756157,0.9397370371222497,0.8776615653932095,0.8759893754124641,0.8444200198352337,0.8501668594777584,0.8408646503090859,0.8888931977748871,0.8400572890043259,0.8282230369746685,0.8629276628792286,0.804616020321846,0.8657172100245952,0.880576585829258,0.8382728482782841,0.8553590512275696,0.8252153967320919,0.8907080151140689,0.8888606117665767,0.8267822331190109,0.8293829196691513,0.8875554908812046,0.7987764289975167,0.819653511941433,0.8261110237240792,0.8012722766399384,0.8575812822580338,0.8801452806591987,0.8749576777219772,0.8529237812757492,0.8143616186082363,0.8528702728450298,0.8530264434218406,0.8277301292121411,0.845473462343216,0.862043427079916,0.8240581172704696,0.7913157937675714,0.8289595402777195,0.7539459660649299,0.8503566354513168,0.853170779645443,0.8269267440587282,0.846399971395731,0.7896908853948116,0.8556659699976444,0.8582559475302696,0.7961229071766138,0.8600968885421753,0.8610385185480118,0.8199647697806358,0.8027494895458221,0.8045721028745174,0.7635153555870056,0.8468261690437794,0.821955391317606,0.8661861488223076,0.871344939917326,0.7952743123471737,0.879074921309948,0.8777772071212531,0.8257507632672787,0.8359932692348957,0.8430205136537552,0.7983840718865395,0.823309475183487,0.818080426454544,0.8193482905626297,0.8812955094873905,0.8559154331684112,0.8540168932080269,0.8634233728051186,0.8162729331105948,0.9156475305557252,0.873506475687027,0.8377392834424973,0.8848486687242985,0.9394605973362924,0.8664206272363663,0.8473530638217927,0.8428584411740303,0.8541140109300613,0.9156816902756691,0.8852155135571956,0.8876867320388555,0.8874713060259819,0.8241919957846403
gemma_owsm4.0-ctc,0.9100062203407288,0.930733335018158,0.9125122782588004,0.9103139677643776,0.9336276556551456,0.906838001012802,0.888703253865242,0.8720969444513321,0.9081464686989784,0.9515822392702102,0.9491470855474472,0.9243462635576724,0.9289634132385254,0.8856519265472889,0.8812795020639896,0.8442115338146686,0.859566251039505,0.8632748481631279,0.882317963540554,0.8539755998551846,0.8337659832835197,0.855126032307744,0.8185583300888538,0.8526421776413917,0.8699570490419865,0.8432603602856398,0.8224473272264003,0.8193101530522108,0.8771443092823028,0.8692748475819826,0.8213191495835781,0.8631434921920299,0.8976518565416336,0.7864415873587132,0.8116708771884441,0.8031220642477274,0.7728235386312008,0.8515494936704635,0.8933700484037399,0.8739162695407867,0.8370958389341832,0.8092025715112686,0.8461803218722344,0.8392970378696919,0.8160068838298321,0.860583184659481,0.8646235004067421,0.8100256685912609,0.7731234779208899,0.7925795206427574,0.7648596246540547,0.8367322424054146,0.858937945663929,0.8347806045413018,0.8189796113967895,0.8026270682364702,0.8647784748673439,0.8454612903296947,0.7822682057321072,0.8577653937041759,0.8426289524137974,0.79510817065835,0.7779673459380865,0.7894691115617752,0.7809628826379776,0.8507998587191105,0.8155380427837372,0.8455307081341743,0.8728376296162605,0.8079721641540527,0.8773643481731415,0.8866003613173962,0.8187026274204254,0.8324917754530907,0.9004079380631447,0.8098115999996662,0.811267935782671,0.7887431719899177,0.7972953899204731,0.8744046352803707,0.8387113659083844,0.8597736791521311,0.8538301138579846,0.8045360524952412,0.9029476004838944,0.8615680594742298,0.8604391819238663,0.8845791636407375,0.9418077981472016,0.8233302274346351,0.8401766529679299,0.8000898829102516,0.8442854642868042,0.898923813700676,0.8653122648596764,0.8830015817284584,0.8606477090716362,0.8098084855824709
tower_owsm4.0-ctc,0.9164804430305956,0.9338439719378948,0.9013799194991589,0.9164299318194388,0.9322512555122376,0.9238245129585266,0.8833159014582634,0.8546418286859989,0.90320858836174,0.935989891961217,0.9473144334554672,0.920287997573614,0.94185584962368,0.8750106412917376,0.8640836428105831,0.8485282725095749,0.8678046825528145,0.8673541349172592,0.8931598275899887,0.8698244273662568,0.8366998025774955,0.8509593641757965,0.8188272480666637,0.8765803372859955,0.8855646087229252,0.8499491654336453,0.8459834055602551,0.8126462960243225,0.8779033599793911,0.8650922353565693,0.8025151118636131,0.8577896000444889,0.8946079069375992,0.8182088987529278,0.8070901729166507,0.8105856272578239,0.7832741367816926,0.8614141279459,0.8932320445775985,0.8571957561373711,0.8368324616551399,0.8226856189221143,0.84417451903224,0.8664078956097364,0.8365412122756243,0.8629242551326751,0.8848076541721821,0.7995417809486389,0.7981075125932694,0.8222440603375435,0.7740188923478126,0.8534364537894725,0.8569143903255463,0.8331670439243317,0.8364996889233589,0.800174865797162,0.8498148839175701,0.8473922449350357,0.7883543215692044,0.8495453763008117,0.8858026370406151,0.8129945573210716,0.7843548573553563,0.83451406955719,0.7700854125618934,0.8627798728644848,0.8000543442368507,0.8271469905227423,0.8704742614924907,0.7974797178059816,0.849311989992857,0.8847537437081336,0.834678622931242,0.8306440833210945,0.8721578224003315,0.8115175944566727,0.8089681793749333,0.8027420400828124,0.779457196444273,0.8821036076545715,0.8369054380059242,0.8368729296326637,0.8505276733636856,0.8099741066992283,0.8859979136288166,0.8879144383966923,0.8133992603421212,0.8817975015938282,0.931011044830084,0.8429354663193226,0.8502802057564258,0.8159796619415283,0.8421472476422787,0.9070242321491242,0.8777440765500069,0.878584370315075,0.8967560513317585,0.82580729752779
desta2-8b,0.883685017824173,0.8695783475786447,0.8225439769774675,0.8190256551653147,0.866629713177681,0.8266913855820894,0.7919739093631506,0.8422590460628271,0.6158438701182604,0.8767693171650172,0.872297043055296,0.6321232841908931,0.8654572488367558,0.7965866371244192,0.5206253987550735,0.4749539878964424,0.4896840985864401,0.5158978314697742,0.4428109481930732,0.4362217716872692,0.40055009894073,0.433515174984932,0.279296748265624,0.5311935241520405,0.5187827794253826,0.4446775771677494,0.4073840452730655,0.4357651951164007,0.7924101583659648,0.7057020282745361,0.6983856534212828,0.6759911489486694,0.7811354732513428,0.7095205134898425,0.6639224883913993,0.6771735073626042,0.4920235997438431,0.7566158655285835,0.7709471034258604,0.5697558375447989,0.7241386677324771,0.6879889830201864,0.6538908990472555,0.6733825621008873,0.6228582253307104,0.6149881688505411,0.6988705979287624,0.5685923454910516,0.5848216619342566,0.5858641495555639,0.4321430668979883,0.6571161649376154,0.6601104008406401,0.4990196897089481,0.6070700472593308,0.6320473796129227,0.6967125961184502,0.6682109300047159,0.6413652916252613,0.6699970045685768,0.7076732873916626,0.6257151257246732,0.6111729551851749,0.6392061322182417,0.4536847750097513,0.708610052317381,0.7028749592602253,0.5342340365052223,0.6686150041222573,0.6425750628858805,0.8025165377557277,0.7544402243196964,0.6741332819312811,0.6838152913749218,0.7412982988357544,0.702767666131258,0.6608801483362913,0.7198475863039494,0.5000457479059697,0.7723629017919302,0.7460173915326596,0.5514190950989724,0.7329395724833012,0.7463722639530898,0.82269482254982,0.7742473623156547,0.7490783569961786,0.7313201133906841,0.8489656376838685,0.7536202047020197,0.6823124784231186,0.7662864270806312,0.538786978945136,0.7872247876226902,0.8062991724908352,0.5793220889568329,0.7921346504241228,0.7306381157785654
qwen2audio-7b,0.891528207063675,0.8938369257003069,0.8677233861386776,0.8975329606235027,0.8871139985322952,0.8717317992448806,0.8211994421482086,0.8466551224887371,0.8468157169222832,0.9179115152359008,0.9185358414053916,0.8735806448012591,0.917355737388134,0.8373454660177231,0.8331224178522825,0.7980301177501679,0.8059515878558159,0.8131334541738033,0.8576020102202893,0.829836958348751,0.7769884471595288,0.8018542757630348,0.7980517543852329,0.8446327821910381,0.8475549045205116,0.8330016307532787,0.811210866868496,0.7950613191723823,0.8606272161006927,0.8046777538955212,0.7894556879252196,0.801177906692028,0.7925773876905441,0.7729741732776165,0.7564502470195293,0.760240707397461,0.77244987629354,0.8097467882931233,0.8450047290325164,0.7980001241713762,0.8299733090400696,0.7818303801119327,0.8324520534276962,0.8007828523218632,0.7789557277411222,0.7913042297959327,0.8241264437139034,0.7351265223324299,0.6920964618772268,0.7303036960959435,0.7200087498128415,0.78552793815732,0.8146967609226704,0.7936670835316181,0.8284382779151201,0.7599073281884193,0.8157211681455374,0.8153091860562562,0.7362425089627505,0.8246751146018505,0.8301842525601387,0.759833866506815,0.718892790749669,0.7403425991535186,0.7606754772365093,0.8111562032997608,0.8362313693761826,0.7728531895577908,0.8415221530199051,0.749074497744441,0.8503421348333359,0.8295822707563638,0.7931068247556686,0.81072638630867,0.7963681790232658,0.7559494100511074,0.7595716018229723,0.7853414607048035,0.7305084633827209,0.7826960983872414,0.8262145656347275,0.7911700709164142,0.8390021233260632,0.8045194144546985,0.8391798952221871,0.8131831608712673,0.7806884501874447,0.8210047025978565,0.8593966619670391,0.78919169947505,0.7255939128994942,0.7849718534946442,0.7886647382378578,0.850416898727417,0.8746784499287605,0.7956642450392246,0.8483973121643067,0.7455058243125677
phi4multimodal,0.8909333646297455,0.868740344196558,0.7629335516691208,0.8686562395095825,0.8637927299737931,0.8012883009016514,0.6817834940552712,0.8196456629037857,0.8190038764476776,0.8666856777668,0.9294118112325668,0.8325707486271858,0.8925891783833504,0.6812085261195898,0.8666832199692727,0.8150035202503204,0.7965551099181175,0.8383842179179192,0.865120022892952,0.8222188897430897,0.7303863750398158,0.798909321129322,0.8025609225034713,0.84487638682127,0.8598830464482308,0.8337519836425781,0.8294150424003601,0.7234461437165737,0.8393847852945328,0.7823585414886475,0.7261512671411038,0.7964311622083187,0.8209591543674469,0.7186949624121189,0.6629180856049061,0.7683126710355281,0.7390807408094406,0.8152705761790275,0.8787355849146843,0.7910780733823777,0.7968928045034409,0.6605996482074261,0.7057991436123848,0.7007369515299797,0.4671672639250755,0.7089012740552425,0.7713214336335659,0.6068673631548882,0.3654801902174949,0.6507743249833584,0.5819645795226097,0.6907877616584301,0.6520405572652817,0.6535897648334503,0.6241172754764557,0.4440554729104042,0.8513295328617096,0.8263494704663753,0.7812420573085547,0.8141071382164955,0.8385827344655991,0.7789562363922596,0.7092146418988705,0.7592690961062908,0.7471894137561321,0.8602628326416015,0.8477387571334839,0.825505673289299,0.8064422717690468,0.7180198895186186,0.8228976166248322,0.7697019666433335,0.5726428401470184,0.7280564127862453,0.7561040407419205,0.709466100037098,0.5689191645383835,0.6682072512805461,0.6358797803521157,0.7468533390760421,0.8161714085936547,0.746398100182414,0.7808790467679501,0.6396677920222282,0.7942457416653633,0.7536668534576892,0.7213695831596851,0.7082808633148671,0.7972749972343445,0.720398468375206,0.5602157512307167,0.6555812636017799,0.7361930507421494,0.7278149735927582,0.7879397515952588,0.7227940370142459,0.714882180839777,0.6183530583232641
voxtral-small-24b,0.9442439311742784,0.9475877425074576,0.8933809172362089,0.9361647334694864,0.9503234189748764,0.910744494497776,0.9118641830980778,0.8777349869906902,0.9107957629859448,0.950212555527687,0.9685368698835372,0.9292688184976576,0.9288993223011494,0.879513890594244,0.8843135303258896,0.8587072497606277,0.8757350301742554,0.87410650447011,0.9022117990255356,0.8719814221560955,0.8216832742094994,0.8633141580224037,0.8627665947377682,0.8930222189426422,0.910837596654892,0.8643497660756111,0.8721609036624431,0.8455075937509536,0.9188016498088836,0.9162210416793825,0.8559292075037956,0.8591739076375962,0.9125846526026726,0.8357155746221543,0.8385658150911331,0.8518818572163582,0.863972467109561,0.8847241428494453,0.9382134133577348,0.9063005897402764,0.8586862798035145,0.8171117078512907,0.9174621120095252,0.9087558262050152,0.8680110014975071,0.8526039907336235,0.8953501212596894,0.8553903624415398,0.786240934804082,0.8413230232894421,0.8356778331845999,0.8875759238004685,0.9162002363801004,0.8755507716536521,0.9016155962646007,0.8530111867934466,0.8850632649660111,0.871980984583497,0.7950599920749665,0.8450004138052464,0.880754720121622,0.8326042312383651,0.8468626882135868,0.7984893544018269,0.8159824681282043,0.8939667126536369,0.8832256293296814,0.907529748827219,0.8930412143468857,0.8561383353173733,0.874020800292492,0.8900609213113785,0.8165683679282665,0.8516558153927326,0.8864311927556991,0.8196101497113705,0.8113786820322275,0.8068065084517002,0.8481652435660362,0.8732994648814202,0.8893721395730972,0.8863244225084782,0.8914375597238541,0.8532207478582859,0.9312142133712769,0.897985166311264,0.8775929372012615,0.8740372627973556,0.9437726694345474,0.849163062274456,0.8482328121364117,0.8420838169753552,0.8921137490868568,0.9153185541927814,0.9329206418991088,0.9128297936916352,0.8971401900053024,0.841354420632124
spirelm,0.8893671262264252,0.8767388901114463,0.8072808864712715,0.8507832218706608,0.8502469321340322,0.7939474315941334,0.653308531716466,0.7865457061678172,0.8110329883545637,0.8659978742897511,0.8720440749824047,0.8210517122596502,0.8748527349531651,0.7763278268277645,0.8013036669790745,0.7311205729842186,0.6696083669364452,0.7255325424671173,0.7433047625422478,0.7067074315249919,0.5556278797984123,0.7113183312118053,0.5750087585300208,0.7337597832083702,0.7491523224115372,0.6880431028455496,0.7210476224124431,0.6687861981987954,0.8404572206735611,0.7982733600586652,0.727173232063651,0.7601000695675612,0.7262882468104362,0.721777710467577,0.569300237223506,0.7073617917299271,0.6868865437805652,0.7988687969744206,0.7938813365995884,0.7670223597437144,0.7464528629183769,0.6869212213903666,0.7723807561397552,0.7463852217793465,0.6267345138639212,0.7436291663348675,0.7356739125400782,0.6961250158399344,0.502801934555173,0.6778172440826893,0.5957400750368833,0.7092603776603937,0.7589905548840761,0.7294621481746435,0.7473249803483486,0.6482269452512264,0.8201223656535148,0.8119947141408921,0.675317852422595,0.7134397992491722,0.7535986270010472,0.6635657008737326,0.5356001923978329,0.6690517762303352,0.6176362276822328,0.7923041282594204,0.7171755163371563,0.7386008484661579,0.7504110001027584,0.6482250846922397,0.8115455882251262,0.8084694707393646,0.7034423237293959,0.7409558223187923,0.7360741972923279,0.7043811608850956,0.5798547648638487,0.7094305599480868,0.6792038410902024,0.8362292665988207,0.7623046305775643,0.7560544363409281,0.7843898199498653,0.6793802490085363,0.8288830129802227,0.8353604169934988,0.7380597923696041,0.7899996971338987,0.8387281785905362,0.7426748026907444,0.5868809055536985,0.696866509988904,0.7148396421223879,0.839366003498435,0.8325434130430222,0.7474571692198515,0.8129425899684429,0.7105033186078071
